,open,high,low,close,volume
20201014,89300,89600,88000,88500,24847
20201013,90700,91100,88800,89300,35583
20201012,93100,93100,90400,90700,32834
20201008,93500,94300,92200,92200,22951
20201007,91900,93600,91400,93500,22317
20201006,92700,92900,91900,92000,20839
20201005,94400,94500,92000,93100,17124
20200929,92700,93000,91300,92700,21324
20200928,91300,91500,90100,91400,16313
20200925,91900,92000,90000,90300,23897
20200924,93200,93300,89800,90200,44158
20200923,93500,94200,92300,93200,28592
20200922,95800,97100,91800,92200,84932
20200921,94600,98400,94600,95800,45259
20200918,93800,95900,93000,94200,29071
20200917,95600,95800,93700,93800,25460
20200916,94600,96900,94600,95600,39917
20200915,94500,95600,93800,95100,26410
20200914,93300,95300,92700,94300,30308
20200911,92400,93800,92200,92600,17090
20200910,93400,94200,92700,92700,46074
20200909,93300,94200,92700,93300,32679
20200908,98100,99300,94300,94900,64741
20200907,96400,97500,95400,97100,31768
20200904,92600,95700,92600,95700,45664
20200903,93600,97400,93400,96200,68366
20200902,93400,93600,91700,93300,44110
20200901,94000,94800,93200,93500,30257
20200831,93600,96300,93400,94600,34600
20200828,93200,94700,92900,93600,24221
20200827,94000,94400,92900,93200,22148
20200826,95000,95200,93200,94100,22507
20200825,92300,96000,92200,95400,34098
20200824,91200,92800,91000,92100,20267
20200821,91600,92300,90000,91100,27602
20200820,96500,96500,90700,91100,54425
20200819,97100,98700,96300,96500,42405
20200818,98400,101500,96600,97200,61967
20200814,98400,101000,97900,98200,29753
20200813,99100,100500,97500,98500,50261
20200812,100500,101500,98400,99100,60193
20200811,100000,103000,99300,101000,41537
20200810,102000,102500,99900,101000,46508
20200807,106500,106500,100500,102000,54161
20200806,107000,108500,103000,107500,75928
20200805,97200,108000,97000,105000,174828
20200804,92600,96500,91700,96500,59666
20200803,93500,93600,90500,92600,24827
20200731,92800,92800,91300,92700,21085
20200730,93600,94200,91900,91900,29567
20200729,96600,96800,93700,93700,36931
20200728,96300,98400,96000,96700,48109
20200727,96800,98500,95500,96700,57916
20200724,92500,97200,92400,95600,95946
20200723,92300,94200,92000,93000,58889
20200722,91500,93300,91400,92900,24896
20200721,92400,94300,91600,91700,44514
20200720,89100,92100,88900,91700,46037
20200717,89000,89100,88300,89100,21494
20200716,88600,88800,87400,88800,18688
20200715,87200,88900,87000,87900,21756
20200714,87400,87500,86800,87000,16158
20200713,86600,88200,86100,88200,16079
20200710,88300,88300,86400,86500,17820
20200709,87700,88600,87300,87600,18252
20200708,89500,89500,87200,87700,23277
20200707,91300,91300,89000,89300,20906
20200706,90000,91400,88900,91200,26356
20200703,89000,89900,88800,89400,10210
20200702,88600,90400,88600,89600,19898
20200701,87200,88900,86800,88400,18742
20200630,86300,87700,86200,86800,18514
20200629,85900,87500,85500,86400,25119
20200626,87200,87200,85900,86600,22933
20200625,89200,89800,86200,86800,58336
20200624,91100,91100,90000,90100,20695
20200623,91100,92000,88700,91100,34761
20200622,91900,92600,90600,90600,23240
20200619,95100,95700,92000,92600,29544
20200618,94500,96900,94400,95300,36794
20200617,93300,94800,91600,94300,34955
20200616,90500,93100,90300,93100,32006
20200615,93000,97000,89000,89000,54493
20200612,93900,94000,91600,93400,37294
20200611,97100,98000,94700,96500,44613
20200610,96100,98700,95600,97000,47664
20200609,91900,96300,91100,96100,77097
20200608,90000,91900,89500,91500,43221
20200605,88400,89500,87800,89400,22921
20200604,89600,89900,88100,88500,35401
20200603,88400,90800,88400,89600,37054
20200602,87600,89200,87600,88900,24635
20200601,86700,88500,86600,88500,24312
20200529,87800,88800,86800,86800,22441
20200528,88600,89300,87200,87700,27931
20200527,88400,89200,88100,88800,17221
20200526,88400,88400,87600,88400,15042
20200525,87900,88300,87200,87600,14203
20200522,89800,89800,87000,87200,25106
20200521,89800,90500,88700,89000,29727
20200520,89800,90300,88500,89600,14391
20200519,89000,89800,88500,89200,17436
20200518,88900,89500,87800,88100,15372
20200515,89500,89600,87900,88500,19820
20200514,88000,89000,87700,88800,24486
20200513,90000,90000,88100,88400,24014
20200512,92400,92400,90000,90300,20640
20200511,90100,92500,90100,92100,24596
20200508,90800,92500,89900,90300,30894
20200507,89100,90400,89000,89700,17246
20200506,91100,91100,88900,89900,24401
20200504,91500,91600,89000,89500,39522
20200429,89500,92700,88100,91300,66564
20200428,88600,90000,87300,88800,22564
20200427,85300,88500,85300,87900,13874
20200424,85500,86400,84400,86000,14656
20200423,83500,86400,83500,86200,21101
20200422,85000,85700,83500,84000,19244
20200421,88800,88900,84600,85800,30766
20200420,86300,88800,86000,88800,22170
20200417,84300,87700,84300,87700,33511
20200416,84000,85500,83400,84900,25756
20200414,85000,85300,83500,84700,20802
20200413,82900,84300,82900,84300,17485
20200410,83600,84400,83000,84000,23841
20200409,84100,84800,83600,84500,21971
20200408,84100,85500,83600,83700,30503
20200407,82800,85000,81800,85000,33846
20200406,81300,86000,80900,82500,42368
20200403,79600,80900,79000,80900,27289
20200402,78700,80900,78100,80900,26806
20200401,80400,83100,78600,79600,47889
20200331,77600,80700,77200,80300,41096
20200330,76800,78300,74000,77000,28621
20200327,76600,78300,72900,76200,42374
20200326,71600,75200,71000,75000,56565
20200325,71200,72500,69300,72500,61335
20200324,66700,69900,65900,69900,44766
20200323,66500,68900,64000,66200,42421
20200320,68300,71200,67500,71200,38885
20200319,75400,76600,67800,68300,46156
20200318,79300,80000,73600,74600,29414
20200317,72500,80000,72500,80000,26929
20200316,80500,81500,77000,78500,26460
20200313,77100,81400,74100,80400,46819
20200312,88400,89000,80900,82400,37762
20200311,89200,90700,86300,87400,25256
20200310,90900,92500,88400,90800,29119
20200309,91100,92000,90100,90900,34863
20200306,91800,93500,91200,92600,18570
20200305,91100,93700,90400,92900,24610
20200304,91700,91800,90200,91100,14307
20200303,89700,91300,89600,90500,23580
20200302,90100,90100,87400,89700,21891
20200228,89100,90400,88500,89100,25566
20200227,88000,91100,87900,89800,21457
20200226,88000,90000,86500,89600,34669
20200225,87900,88300,86000,88000,17119
20200224,89300,91100,87100,87100,24541
20200221,93100,93100,89000,89800,34765
20200220,94600,96000,94200,94400,14598
20200219,95100,96900,93900,95000,20599
20200218,96400,96500,94400,95000,19147
20200217,95800,96900,95100,96400,21118
20200214,96300,98500,95600,95900,27317
20200213,101000,101000,97100,97100,60965
20200212,96500,97000,95700,97000,20206
20200211,95800,96600,95400,96500,14830
20200210,94100,95500,93100,95300,13657
20200207,96200,96500,93600,94700,32310
20200206,93900,96800,93200,96200,20885
20200205,93300,93400,92000,93000,25310
20200204,92100,93700,92000,93200,22480
20200203,93000,94900,91400,93000,20165
20200131,95800,96100,93600,94100,18207
20200130,96000,96900,95100,95400,16251
20200129,97400,97500,96000,96300,24080
20200128,97000,98600,96700,97400,29974
20200123,97600,98300,96200,96700,30026
20200122,97600,99100,97400,98300,13634
20200121,99900,100500,96600,96700,38011
20200120,100000,101500,99100,99200,30491
20200117,103000,103500,101000,101000,25696
20200116,102000,104000,100000,103000,38972
20200115,104500,106000,99900,102000,93192
20200114,108000,110000,104500,105500,45933
20200113,108500,110500,107500,110000,23550
20200110,108000,109000,106000,108500,55504
20200109,108000,110500,106500,108500,32256
20200108,109500,109500,105500,108000,42410
20200107,112000,113500,109000,111500,26915
20200106,112500,115000,111000,111500,14370
20200103,116500,116500,112000,113500,23868
20200102,119000,119000,115500,116000,17103
20191230,117500,119500,117000,119000,12110
20191227,115500,118000,114000,117000,19689
20191226,116000,117000,114500,117000,13663
20191224,115000,117000,115000,116500,10270
20191223,113000,117000,113000,115500,17925
20191220,116500,117000,112500,114000,15263
20191219,112000,116000,111000,116000,25890
20191218,113000,114000,110500,111500,13590
20191217,112000,115500,111500,114500,13100
20191216,113000,113500,111000,113000,19754
20191213,113000,113500,112000,112500,20817
20191212,110500,113000,109000,112500,43699
20191211,109000,110000,107000,109000,12539
20191210,104000,108500,104000,107500,11029
20191209,105500,107500,103500,104000,19364
20191206,104500,106000,104000,105500,6257
20191205,107000,107500,103500,104000,12640
20191204,106500,108000,106500,108000,5578
20191203,107500,108000,105000,108000,6951
20191202,108500,111000,106500,107500,9019
20191129,111500,111500,108000,108500,11027
20191128,108000,111000,108000,110000,19229
20191127,109000,109500,107500,108000,11892
20191126,106500,108500,105500,108500,19145
20191125,104000,107000,104000,107000,24371
20191122,104500,105000,102500,104000,11929
20191121,102500,104500,101000,104000,20683
20191120,101500,103000,100500,102000,15725
20191119,103000,104000,101500,101500,12893
20191118,103000,105000,103000,104000,15160
20191115,103000,104500,102500,103000,13575
20191114,99300,103500,99300,103500,23199
20191113,101000,101500,98900,99000,11517
20191112,101000,101500,100000,101000,15667
20191111,101500,102000,99500,100500,21080
20191108,101000,103000,100500,101500,12317
20191107,101000,103000,99900,101000,29453
20191106,102500,104500,101500,102000,11418
20191105,103000,104500,101500,103500,15649
20191104,103500,106000,102500,103500,33356
20191101,101500,106000,100000,102000,44359
20191031,97500,102500,97000,101500,99160
20191030,89700,93000,89700,92400,23219
20191029,91500,91800,89600,90100,9377
20191028,89700,92100,89700,89900,11406
20191025,90200,92200,89200,90000,10287
20191024,90600,92400,89400,92000,16539
20191023,89100,91800,89100,91100,20515
20191022,90000,91800,88000,89100,16605
20191021,89500,90700,88300,90000,14887
20191018,89000,89800,88000,88600,12648
20191017,88100,89500,88100,88400,17477
20191016,88200,89200,87400,88300,16515
20191015,84200,89400,84200,88800,39548
20191014,82500,90300,82500,84200,86200
20191011,83600,84400,82200,82200,21801
20191010,83000,84200,82500,82500,17155
20191008,85000,85000,82400,83900,16599
20191007,83800,84500,82400,84100,13727
20191004,84100,84100,82100,82200,12947
20191002,85700,86200,83300,83300,17480
20191001,84100,87000,84000,87000,17606
20190930,85000,85200,83800,84100,14537
20190927,84500,85300,83100,84300,20141
20190926,82500,84400,82100,83000,13669
20190925,84200,84800,82500,82500,16538
20190924,83700,84000,83200,84000,13545
20190923,84000,84400,83500,83700,8824
20190920,84000,84800,83900,84100,7548
20190919,84200,85000,84100,84300,10102
20190918,84300,85300,84300,84600,8667
20190917,83900,85800,83900,85000,21405
20190916,84200,85100,83700,84700,10449
20190911,84200,84400,83000,83600,25199
20190910,84100,84500,83000,83700,9470
20190909,84500,85400,84300,84300,8935
20190906,84400,85400,84400,84800,5785
20190905,85400,86000,84600,84800,13962
20190904,84900,86000,84000,86000,17718
20190903,85000,86300,84300,84900,11596
20190902,84500,86100,84500,85700,8326
20190830,84400,85700,84200,85200,10318
20190829,84300,84300,82400,84200,15448
20190828,81500,83900,80900,83000,17315
20190827,82000,83100,81000,81900,16763
20190826,81900,82600,80300,82000,16500
20190823,83100,84400,82500,83300,9736
20190822,83200,84300,81700,84300,18627
20190821,83100,83900,82800,83600,14258
20190820,82000,83400,81700,83100,10885
20190819,81300,82800,81100,82600,10172
20190816,80900,82000,80700,81500,7992
20190814,83600,83600,81700,82700,12068
20190813,82300,83400,81700,82800,8986
20190812,82500,83400,81800,83100,6918
20190809,82900,85600,82500,83100,13178
20190808,82200,83400,81400,82900,20678
20190807,80800,82500,79000,82200,23665
20190806,79000,84400,77500,82200,27278
20190805,87800,89700,79500,81000,32079
20190802,89100,91300,88600,88700,15231
20190801,90300,92200,90000,91100,12722
20190731,93500,93500,90000,92000,13656
20190730,91500,93200,91100,91800,8357
20190729,95300,95300,90400,91000,12474
20190726,96000,97500,94000,94000,12787
20190725,97500,98500,95700,96400,14351
20190724,97700,98900,97600,98200,6258
20190723,99400,99500,97700,98000,16463
20190722,100000,100500,99100,99500,9383
20190719,97300,102500,96100,101000,16439
20190718,96700,98500,96600,97200,10807
20190717,99500,99500,97500,98000,8593
20190716,99300,99400,97700,99300,11492
20190715,96700,99300,95300,99300,14595
20190712,96700,97600,94800,96600,19963
20190711,96000,97900,96000,96700,8363
20190710,97500,98000,96000,96600,9239
20190709,99200,99800,97000,97000,12962
20190708,102000,102000,98700,99200,11771
20190705,103000,103500,101000,102500,7155
20190704,101500,102500,99700,102500,14484
20190703,102000,102500,100000,100500,10077
20190702,102000,102500,100500,101000,9588
20190701,103000,104000,102500,102500,7935
20190628,101000,102500,100000,101500,13581
20190627,102000,103000,101000,101500,10661
20190626,102000,104000,101500,102000,9599
20190625,104500,104500,101500,102000,9911
20190624,104000,105000,102500,103500,7415
20190621,104000,104500,102500,103000,8936
20190620,103500,104500,103000,104000,7005
20190619,104500,105000,102500,103000,7465
20190618,103500,105500,103000,104000,12594
20190617,105000,106000,104000,104500,7777
20190614,105500,106500,103500,104500,18191
20190613,102000,105500,101500,105500,32397
20190612,101500,103000,100500,102000,17597
20190611,99200,101500,99000,101000,16239
20190610,99100,100500,98600,100000,12323
20190607,99500,101000,98300,99500,11137
20190605,98600,99600,98500,98900,11124
20190604,99500,99500,97400,99200,20194
20190603,97000,99400,97000,98700,20013
20190531,97000,99000,96500,98400,15968
20190530,99000,99300,96500,98600,14618
20190529,99900,100500,95900,97700,21909
20190528,100000,101000,98500,98500,20466
20190527,100000,100500,99000,100000,13836
20190524,97700,100500,97700,100000,15204
20190523,97400,100000,95900,98600,16191
20190522,98000,98000,96200,97000,6016
20190521,95700,97800,95700,96800,9633
20190520,97600,98200,96100,96700,9624
20190517,100500,100500,95900,96700,17712
20190516,98000,101500,97900,99200,21044
20190515,95200,99900,94400,99700,22320
20190514,93600,96800,93500,96500,20934
20190513,96500,97100,93200,93600,26110
20190510,97700,98900,97000,98000,16000
20190509,99800,100500,96600,96600,36189
20190508,100500,102000,99600,99800,33778
20190507,103500,104000,101000,102000,46245
20190503,99800,106000,99800,106000,37375
20190502,100500,101000,99300,100000,14203
20190430,103000,103000,101000,102000,5497
20190429,100000,103000,99800,102500,12278
20190426,100500,101500,99600,100000,8408
20190425,101500,102000,99800,101500,8529
20190424,102000,102000,99900,100500,9542
20190423,103000,103000,101000,101500,7117
20190422,102000,104500,101500,103000,13543
20190419,103000,103500,101000,102000,14546
20190418,101500,104000,100500,103000,23554
20190417,101000,103000,100500,102000,12370
20190416,100000,102500,99900,101500,12189
20190415,101500,103000,100500,100500,20243
20190412,100500,103500,100000,102000,29703
20190411,99100,101500,98500,101000,21336
20190410,98200,99200,96200,99100,21765
20190409,95700,98800,95700,98100,19890
20190408,97700,97700,96500,96800,14611
20190405,97300,97800,96500,97600,15568
20190404,97500,97500,95100,96000,11554
20190403,95900,96800,94900,96400,14729
20190402,95100,96500,94400,96200,14642
20190401,95400,96800,95000,95800,15405
20190329,95900,97100,94100,96400,25395
20190328,93900,95600,93800,93900,16634
20190327,95700,96400,95000,95000,19355
20190326,94500,97000,94500,95700,15963
20190325,95000,96600,94300,95400,13423
20190322,98200,99300,95600,95800,44681
20190321,101500,102000,99100,99400,36797
20190320,102000,103000,99700,102000,21802
20190319,106500,106500,101500,102000,37834
20190318,103000,105500,103000,105500,15986
20190315,105500,107000,102000,103000,47411
20190314,107500,108000,104000,105500,32117
20190313,105000,107500,104500,106500,14867
20190312,107500,107500,103500,105000,25545
20190311,104000,106000,103500,106000,12679
20190308,105500,106500,104000,104000,19966
20190307,107000,111000,105000,106500,38808
20190306,108000,108000,105500,106000,15449
20190305,107500,108500,105500,107000,26938
20190304,104000,108000,104000,107000,36097
20190228,104000,106500,103000,103000,40143
20190227,102000,104500,101000,104000,17681
20190226,102000,103500,101000,101500,15106
20190225,103500,104000,101500,102000,16939
20190222,102000,105000,102000,103000,23719
20190221,104500,104500,102000,102000,17893
20190220,106000,106000,103500,104000,13288
20190219,103500,106000,102500,105500,23364
20190218,102000,103500,101500,103000,15696
20190215,102000,103500,101000,102000,8836
20190214,103000,104000,101500,103000,26776
20190213,102500,105500,102500,103500,15699
20190212,104500,106500,101500,102500,28957
20190211,101000,107000,100500,105500,45293
20190208,100000,101500,99800,101000,13207
20190207,101500,101500,99300,100500,13691
20190201,101000,102000,99000,100500,22616
20190131,101000,101000,99700,101000,25883
20190130,99600,100500,98400,100000,18772
20190129,99900,99900,98100,98500,23535
20190128,100500,100500,99100,99700,19298
20190125,99700,101000,99300,100000,16182
20190124,101500,102000,99700,99800,31627
20190123,101500,103000,101000,101500,14169
20190122,103000,104000,101500,102000,24762
20190121,107000,108000,103000,103500,23021
20190118,103000,108000,101500,107000,36255
20190117,103000,104500,101500,102000,25518
20190116,103000,104500,102500,103000,18965
20190115,106000,107500,103500,103500,41211
20190114,107500,109000,106500,106500,23276
20190111,109000,110500,108000,108000,14410
20190110,109500,111500,108500,110500,17636
20190109,109500,112500,109500,110000,23630
20190108,108500,112500,107000,110500,28656
20190107,108500,110500,107000,108500,25810
20190104,102000,107500,102000,106000,27461
20190103,105000,105500,101500,101500,17797
20190102,104500,106500,102500,104500,20601
20181228,104000,106000,103500,104500,9272
20181227,106000,107000,104000,104000,22394
20181226,103500,107500,101500,107000,27291
20181224,105500,108000,103000,106500,25996
20181221,105500,106500,103000,105500,19573
20181220,105000,106000,101500,105000,28016
20181219,102500,105500,102500,104500,16295
20181218,104000,106000,101000,102500,16910
20181217,106500,107000,103500,105500,15997
20181214,105500,107000,104500,105500,20914
20181213,106000,106000,104000,105500,33352
20181212,104500,105500,102000,105000,15692
20181211,104000,106000,103500,103500,14020
20181210,101000,106000,100500,105500,30147
20181207,104000,105500,101000,101500,29359
20181206,105000,106000,103500,104500,17277
20181205,101500,106500,101500,106000,42013
20181204,103500,103500,102000,102500,11263
20181203,104000,104500,101500,103000,21212
20181130,101000,103000,100000,103000,21483
20181129,101000,102500,99900,100500,19725
20181128,101000,102500,100000,100500,11473
20181127,102500,102500,99500,100000,17376
20181126,100500,104000,100500,102500,26512
20181123,101500,102000,99300,100000,13911
20181122,103500,103500,100000,101000,15524
20181121,100000,103500,98600,102500,30725
20181120,99800,101500,99200,100500,11272
20181119,99000,101000,98300,100500,18166
20181116,97000,101000,96500,98200,19363
20181115,97100,98000,94500,97500,17662
20181114,93300,98200,92900,97400,20320
20181113,94000,95500,92600,94600,19129
20181112,93600,95500,92100,94000,17597
20181109,92900,94900,92100,93600,27985
20181108,93600,95100,92600,94000,31918
20181107,94100,96500,92200,92600,39930
20181106,89500,96400,89100,94100,73508
20181105,86700,89100,85500,88000,27832
20181102,83500,87100,83500,86500,19340
20181101,83000,84900,83000,83500,22010
20181031,88900,89200,82700,83400,84025
20181030,86300,90700,86300,89800,26657
20181029,90000,91700,87500,88300,23511
20181026,93700,94100,88200,90600,32398
20181025,94600,96000,90600,94200,28956
20181024,93900,96400,93600,95200,84275
20181023,97600,97600,92000,92900,35372
20181022,96700,98100,94900,98000,15253
20181019,94100,97300,93500,97300,18923
20181018,96300,96300,94300,94900,13754
20181017,96500,97900,95000,96300,13192
20181016,93800,96400,93200,96100,17734
20181015,95300,95400,92500,93800,15095
20181012,95100,95900,93100,95800,25874
20181011,94600,98000,94400,95100,43910
20181010,99900,101000,96400,98000,21305
20181008,99400,102000,99200,99900,21900
20181005,104000,104500,99500,99700,37913
20181004,100000,103500,99700,103500,38362
20181002,102000,102000,98500,98500,37433
20181001,107500,108000,101000,102000,41302
20180928,107000,108000,106000,107500,22536
20180927,107500,108000,106000,107000,22285
20180921,107000,108500,106000,107500,28093
20180920,104500,107500,104500,106000,27050
20180919,104000,107000,102500,105500,44272
20180918,102500,104000,101500,103500,12362
20180917,105000,105000,102500,103500,28853
20180914,104500,106000,104000,105500,29954
20180913,105500,105500,103500,104500,29553
20180912,105500,105500,103500,105000,22569
20180911,102500,105500,102500,105000,31747
20180910,103500,104000,102500,103500,17544
20180907,102500,104000,101000,103500,30357
20180906,102500,103500,100500,102000,18643
20180905,102500,104000,101000,102500,16500
20180904,102500,103500,100500,102000,17947
20180903,102500,103000,100500,102500,17832
20180831,101500,103500,100500,103000,48624
20180830,102500,104000,100000,101500,40253
20180829,101000,103000,99700,101500,36058
20180828,99800,101500,99300,101000,30791
20180827,100000,100500,98600,99200,18725
20180824,97800,99700,97800,99500,30928
20180823,98600,99500,97100,97700,29257
20180822,101000,101500,97900,98200,33455
20180821,99500,102000,98400,101000,32770
20180820,100500,101500,97600,99000,31311
20180817,96700,100500,95700,99800,22464
20180816,98600,99400,95900,96600,31233
20180814,99400,101000,97200,100500,30667
20180813,101000,101000,98000,99300,21007
20180810,100500,101500,99900,100000,18139
20180809,101000,102500,99400,100000,36073
20180808,99900,102500,99900,99900,21075
20180807,100000,102000,97900,101500,42707
20180806,96700,102000,96600,101000,74281
20180803,95700,96800,94500,96200,20922
20180802,94000,95900,93200,95300,35186
20180801,95100,96400,93200,93700,32866
20180731,89700,95900,89600,95700,79314
20180730,91600,91600,88300,88900,43932
20180727,89700,93200,87500,92600,57966
20180726,89500,91000,88000,89400,24723
20180725,88600,89500,86900,88000,22723
20180724,87800,89500,87600,88800,19647
20180723,89700,89700,87300,88800,21025
20180720,89000,90200,87900,88800,19869
20180719,88600,89900,86900,87300,26106
20180718,90000,90900,88600,88600,12507
20180717,90300,91100,89800,90300,7949
20180716,90600,92000,89800,90900,19203
20180713,90700,92400,90000,91300,12184
20180712,91500,91900,89600,91000,19296
20180711,90800,91300,89500,90700,21302
20180710,90400,93700,90000,91600,26770
20180709,90200,90900,88700,90400,13067
20180706,88000,90500,87800,90200,20068
20180705,87100,88600,87100,88500,14111
20180704,85100,88300,85100,88000,17080
20180703,86200,87600,85100,86000,15514
20180702,87000,87900,85000,85300,41843
20180629,87900,88100,86900,87600,12627
20180628,87500,88800,87200,87800,9996
20180627,88700,90200,87800,87800,22956
20180626,89300,90200,87800,90000,19432
20180625,87600,89600,87600,89300,26296
20180622,87100,89400,86800,88500,31967
20180621,90000,90100,88000,88300,21111
20180620,87900,91600,87900,90000,19195
20180619,90900,91600,88600,88600,35006
20180618,94900,95400,91100,91800,22900
20180615,93500,94500,93300,94200,18188
20180614,96000,96200,93400,93400,43364
20180612,95000,98600,95000,96600,31434
20180611,94700,95800,93900,95000,28751
20180608,96600,97400,94700,94900,19280
20180607,95900,97000,95700,96600,19373
20180605,97600,98100,96100,96400,24583
20180604,98600,99500,97700,98000,13255
20180601,97500,98700,96700,98200,16835
20180531,96600,97500,95800,97000,13482
20180530,99500,99900,95500,96600,43037
20180529,99300,101000,99300,99500,19050
20180528,100500,101000,99500,100000,34691
20180525,100000,103000,99700,102500,32091
20180524,99500,101000,98200,101000,37709
20180523,101500,101500,99200,99600,48659
20180521,102500,103500,101500,103000,19191
20180518,103000,104000,101500,102500,18408
20180517,103000,104500,102000,103000,17868
20180516,100500,104500,99800,104000,37608
20180515,102000,104000,100000,100500,40979
20180514,105000,105500,101000,102000,38706
20180511,103000,104500,102000,104000,34637
20180510,104500,104500,101000,102500,34277
20180509,99900,102000,98000,101500,36823
20180508,101000,104500,99500,99500,64645
20180504,106000,106000,99600,99900,90569
20180503,107500,109500,107000,107500,16767
20180502,106000,111000,106000,108500,34922
20180430,114000,114000,107500,110000,47697
20180427,111000,114500,111000,114000,26835
20180426,114000,115000,110000,111000,52131
20180425,112500,113500,110500,113500,26291
20180424,114000,116000,111500,113000,35915
20180423,115000,115500,112500,113500,35529
20180420,118000,119500,114500,116000,76581
20180419,119500,119500,115000,118000,65583
20180418,126000,128000,118000,121000,84943
20180417,125500,129000,124000,126500,73823
20180416,126500,130000,123000,125500,91601
20180413,121000,127000,119500,126500,181290
20180412,122000,122000,116000,119000,117462
20180411,115000,121500,113500,121000,146204
20180410,108000,116500,107500,114000,116438
20180409,106500,111000,106000,109500,43943
20180406,106000,107000,104500,106000,21572
20180405,107000,107500,104500,105000,45067
20180404,112500,113000,103000,106000,130305
20180403,112000,114000,110500,112500,36154
20180402,114000,115500,113000,114500,22418
20180330,114500,115000,112000,114000,26764
20180329,114000,114000,111500,113500,17759
20180328,113000,114000,111000,112000,26808
20180327,108500,114500,107000,114000,50360
20180326,106000,108000,104500,107500,27820
20180323,109500,110500,106000,106000,60389
20180322,115500,118000,111000,113000,58945
20180321,110000,117500,109500,115500,100850
20180320,105000,110000,105000,109000,35687
20180319,108500,108500,106000,106500,22677
20180316,111500,111500,108000,108000,23727
20180315,108500,110500,106500,110500,29536
20180314,107500,108000,105000,108000,23640
20180313,108000,111000,107500,108500,27085
20180312,108500,110000,106500,110000,24889
20180309,105500,109000,105000,107500,24072
20180308,104500,106500,104000,105000,36647
20180307,104500,108000,103500,104000,28420
20180306,106500,107500,104000,105000,32977
20180305,107000,109500,105000,106000,23996
20180302,105500,107500,105000,106500,26700
20180228,111500,112000,106500,108000,38061
20180227,113500,114000,111500,112000,28395
20180226,114000,114500,111500,113500,28254
20180223,110000,112000,108500,112000,24925
20180222,111500,112000,108500,109500,23787
20180221,111000,112500,110000,111500,23035
20180220,112000,113000,110500,111000,23214
20180219,108500,111500,107000,111500,38513
20180214,109500,110000,107000,108500,30284
20180213,110000,111000,107500,109000,26816
20180212,111500,112000,108500,109000,33593
20180209,106500,112000,106500,111500,43152
20180208,108500,112000,107000,110000,45961
20180207,113000,115000,109000,109000,56973
20180206,106500,112000,104500,109500,70724
20180205,112000,113500,108500,109500,66183
20180202,118500,119000,112500,113500,68209
20180201,121000,121500,117000,118500,69376
20180131,120000,123000,116000,119000,73506
20180130,118500,124000,118500,122500,128723
20180129,123500,124000,118500,118500,81092
20180126,116500,121500,116000,121000,79503
20180125,119000,119500,117000,118000,61371
20180124,117500,121000,117000,119500,84155
20180123,118000,120500,116000,117500,93619
20180122,117000,120500,114000,118000,119560
20180119,129000,132000,114000,115000,302279
20180118,119000,137500,117500,124500,427019
20180117,121500,122500,116000,120000,107771
20180116,126000,126500,121500,123000,114704
20180115,121000,128000,119000,126500,211805
20180112,123500,125500,117500,121000,237765
20180111,107000,125000,106000,123500,541787
20180110,102500,107000,101500,105500,89032
20180109,100000,103000,99200,102500,53303
20180108,100500,101000,98600,100000,33516
20180105,97300,100500,97100,100000,34560
20180104,99200,102000,95000,96800,49261
20180103,98900,101000,98400,99200,38864
20180102,101000,101000,98700,100000,27056
20171228,97900,101000,97400,99600,34290
20171227,98400,98400,96800,97900,24859
20171226,96900,98500,96700,98400,40234
20171222,93900,97000,92300,96700,42573
20171221,92600,94100,92000,93600,19465
20171220,92400,94500,91200,93300,17693
20171219,93000,94400,91000,92400,28379
20171218,95400,95400,92800,93800,29655
20171215,92200,95400,91800,95400,35125
20171214,92900,94400,90300,90300,38269
20171213,91100,93300,91100,93000,20777
20171212,92800,93400,90500,91100,38494
20171211,90700,94400,90700,94000,28650
20171208,91300,92100,90100,90600,23877
20171207,93500,93800,90600,91200,37477
20171206,96000,97400,92300,92600,67391
20171205,100500,101000,96300,96300,89715
20171204,106000,106000,99500,101000,107621
20171201,102000,107000,101500,106000,52877
20171130,106000,106500,100500,102000,57175
20171129,101500,105500,101500,105500,52350
20171128,103500,106000,101500,102000,54881
20171127,104500,106000,102500,103500,37919
20171124,107000,107000,104500,104500,44611
20171123,103000,107500,101000,107000,67786
20171122,107500,108000,104000,105000,79859
20171121,104000,107000,99900,105000,99435
20171120,102000,105500,102000,103000,76990
20171117,103500,103500,100000,102500,81427
20171116,109000,110000,103000,105000,106006
20171115,103000,108500,100000,106000,123408
20171114,100500,102500,99600,102000,43899
20171113,99900,101000,98500,101000,35273
20171110,100500,101500,99400,100500,31064
20171109,99800,101000,99300,99900,48024
20171108,98500,100500,97900,100000,45028
20171107,98200,100500,96900,99400,62259
20171106,98000,98900,96800,98200,49482
20171103,94300,99300,94000,98000,173642
20171102,93000,95400,91600,94000,202827
20171101,88000,90100,88000,89200,28360
20171031,90300,90300,88900,89400,24211
20171030,90500,90900,89100,90300,21004
20171027,89700,90900,88600,90500,19641
20171026,89300,91200,89100,89900,26056
20171025,90500,90500,89100,89700,18831
20171024,90100,91000,89500,90600,21139
20171023,88500,90900,88500,90100,26075
20171020,89800,90700,88600,89000,18490
20171019,91000,91200,89000,90500,24995
20171018,91500,92000,89000,90700,48126
20171017,89800,91200,87200,90600,44332
20171016,89000,90500,88100,89600,38936
20171013,89300,90700,86600,88800,65765
20171012,81800,89600,81600,89400,142424
20171011,79500,81400,79500,81300,22216
20171010,81900,82100,79700,79800,27608
20170929,80200,81900,79300,81900,30439
20170928,78500,80100,78200,80000,15779
20170927,79100,80300,79100,79500,11983
20170926,77500,79900,77500,79600,18371
20170925,79800,79800,78000,78600,27563
20170922,79500,80000,78500,79100,27379
20170921,81300,82500,79700,80000,19141
20170920,80100,82900,80000,81700,42897
20170919,78800,80200,77500,80000,22504
20170918,79500,79700,78500,79200,15946
20170915,80800,80800,79200,79500,18387
20170914,77800,81100,77000,80700,35263
20170913,80100,80100,77700,77900,28449
20170912,81500,81600,79000,80100,29318
20170911,81100,82500,80800,81500,16361
20170908,80300,81100,79900,80800,11948
20170907,79500,81200,79500,81100,14761
20170906,80400,81200,78900,79200,21099
20170905,82600,82600,79500,79800,31720
20170904,80800,83800,80500,81700,25552
20170901,83500,83600,82300,82800,19914
20170831,82400,84000,82400,83500,20678
20170830,82800,83300,81600,82900,21056
20170829,80500,82800,79800,82600,52703
20170828,80300,82100,78800,79900,33743
20170825,78500,80200,77900,79700,30741
20170824,76600,77800,76600,77800,15009
20170823,76300,77300,76100,76600,17909
20170822,76000,76900,76000,76400,19377
20170821,77800,78400,76100,76300,35908
20170818,74900,78500,74900,77800,40230
20170817,73500,76500,71000,76000,201765
20170816,81500,81500,81500,81500,0
20170814,82200,82700,81300,81500,11712
20170811,81700,82400,81100,81900,21071
20170810,81100,84200,81100,82300,42692
20170809,81400,82600,80900,81600,22544
20170808,82100,83000,81200,81800,29391
20170807,82100,84000,82100,82300,19424
20170804,82700,83500,81500,82100,23102
20170803,81900,83500,81900,83100,22312
20170802,83300,83600,82000,82100,26948
20170801,83000,83500,82500,83200,14683
20170731,84500,84600,82400,83000,21624
20170728,83200,84600,82800,84400,31404
20170727,84700,85000,83000,83500,25508
20170726,84700,85200,84300,84700,22125
20170725,84200,85000,83500,84100,27016
20170724,82200,84000,82000,83800,21935
20170721,83100,83100,82300,82600,10469
20170720,83200,83200,81600,82900,15945
20170719,82400,83000,81600,82500,17824
20170718,82900,82900,81200,81500,30815
20170717,81900,84000,81600,82200,34295
20170714,82000,82100,80500,81000,39186
20170713,83400,83900,81900,82200,28329
20170712,85400,86100,82800,83200,37750
20170711,85400,85900,85100,85400,20585
20170710,86700,86700,84600,85100,31261
20170707,90000,90300,86700,86800,64864
20170706,90300,91500,90200,90200,24023
20170705,90400,90800,90200,90500,18547
20170704,92000,92000,90000,90400,33625
20170703,92200,92700,91400,91500,11000
20170630,92400,93400,91400,92200,18510
20170629,91000,92400,90800,92400,16910
20170628,92400,93100,89000,91300,73775
20170627,92300,94500,92300,92500,40161
20170626,93900,94000,92400,92900,28972
20170623,93500,94600,92800,93500,41641
20170622,93500,94300,92700,93200,40379
20170621,94100,95400,92900,93400,37334
20170620,98300,98400,93900,94100,75867
20170619,96900,99400,96100,97900,40521
20170616,98700,99000,96600,96800,53651
20170615,100000,102000,98300,98600,55337
20170614,104500,104500,99900,100500,67578
20170613,97000,104500,97000,103000,105828
20170612,100500,100500,96400,96900,65979
20170609,100500,102500,99800,100500,58701
20170608,100000,103000,99500,100500,79408
20170607,100500,101500,98800,100500,53861
20170605,103000,105000,100500,101000,60078
20170602,104500,104500,101500,102500,52268
20170601,103000,104000,101500,104000,47402
20170531,99000,103500,98900,103500,111801
20170530,96200,99700,95200,99500,81997
20170529,98000,98900,95000,95800,26835
20170526,97500,98700,97100,98000,25269
20170525,97700,97900,96400,97900,23323
20170524,95100,97700,94600,97500,50570
20170523,94000,95400,93300,94700,31259
20170522,94500,94500,92300,94100,33750
20170519,94500,95200,93500,93800,32708
20170518,93100,94900,92700,94200,28009
20170517,94000,96000,93600,94600,19333
20170516,96600,96600,93200,94100,31763
20170515,98500,98500,95700,96100,23994
20170512,98500,99400,97600,98300,19951
20170511,97700,99500,96600,99500,41540
20170510,98900,99400,96700,97500,33836
20170508,94600,98900,94600,98900,73388
20170504,93500,95700,92600,95000,39696
20170502,93800,93800,91700,92600,36478
20170428,95100,95900,93600,93800,45391
20170427,99400,99400,95200,96000,40721
20170426,98300,98600,96500,98300,31254
20170425,99100,100500,97500,97500,53303
20170424,101000,101000,98300,99400,28768
20170421,99900,101000,98200,99700,46926
20170420,97000,100500,96800,99500,72302
20170419,94400,97000,94400,96800,64001
20170418,94900,95000,93600,94800,19991
20170417,94800,94900,93700,94700,10662
20170414,93500,94900,93200,94500,24588
20170413,93500,93800,92700,93800,16264
20170412,94500,94600,91400,93400,32661
20170411,93200,95400,93200,94500,15792
20170410,95300,95300,93100,94000,18101
20170407,95300,96300,94600,95500,17887
20170406,95800,95900,94100,94900,16815
20170405,96300,97200,94300,96000,44315
20170404,95800,96600,94600,96100,31276
20170403,93900,95900,93500,95800,52842
20170331,94000,94100,92300,93900,19525
20170330,92900,94000,92100,93500,17037
20170329,93600,93600,91900,92900,14931
20170328,94200,94200,92000,93600,32562
20170327,91700,94200,91700,93600,38037
20170324,92800,92800,91700,92100,15817
20170323,93100,93100,91300,92600,18555
20170322,92000,93000,90900,92600,37257
20170321,92900,92900,90600,92000,35879
20170320,91800,92500,90500,92500,23054
20170317,90400,92200,90000,91800,27250
20170316,89500,90500,88600,90500,46456
20170315,92600,93900,87500,89400,148415
20170314,96400,96500,93000,94200,34405
20170313,96000,97000,95200,96300,27161
20170310,94600,96000,93400,96000,30214
20170309,94400,96700,93000,94200,41503
20170308,93300,95000,93300,94200,23304
20170307,93000,94600,90800,94000,26917
20170306,92000,94400,91300,92100,22968
20170303,93200,93900,91700,91700,18061
20170302,95700,95700,93000,93200,23924
20170228,98200,98400,94300,94700,39242
20170227,97600,98800,97300,98000,30175
20170224,94900,97300,94900,97000,22746
20170223,96400,97800,95300,95300,24182
20170222,94300,96600,94000,95700,20170
20170221,95400,96700,94200,94600,28802
20170220,96300,97000,94400,94900,19396
20170217,95400,97500,95400,96300,20155
20170216,96700,97800,93500,95400,55116
20170215,92500,96600,91700,96200,72233
20170214,90000,91500,89000,91300,32447
20170213,88200,89800,88000,89600,31168
20170210,92400,93300,87500,87600,93816
20170209,94000,94900,92200,93300,27366
20170208,93600,94400,92000,93600,23331
20170207,92200,94700,91300,93600,44406
20170206,90200,92000,88100,91900,40481
20170203,88600,89800,88000,88500,16521
20170202,89600,90500,88600,88700,24402
20170201,88600,91200,88600,90500,21262
20170131,89500,89700,87800,88400,16646
20170126,87100,89300,85600,88900,31767
20170125,91800,91900,86700,86800,62010
20170124,92500,93000,90600,90700,21876
20170123,94400,94600,92600,92600,16050
20170120,93900,96200,93200,93700,35614
20170119,94900,95000,93500,94100,19320
20170118,94100,95900,93600,94300,21275
20170117,96500,96500,94200,94500,28502
20170116,98600,98600,94600,96000,37629
20170113,95800,98800,95500,97500,46802
20170112,96500,96700,94000,95200,44919
20170111,97800,98000,96200,96500,41141
20170110,97600,99000,96000,97700,39322
20170109,102000,102500,97000,97900,103059
20170106,104500,105000,102000,102000,39668
20170105,104000,106000,103000,104000,47817
20170104,103000,105000,102500,103000,51917
20170103,104500,106000,102000,102500,54609
20170102,105500,107500,104000,104500,68118
20161229,110000,110000,105500,105500,171432
20161228,90400,113000,90100,108000,410631
20161227,89900,91100,89300,91100,16301
20161226,89700,90700,89200,89900,29236
20161223,87000,89700,85700,88800,28419
20161222,86700,88400,86100,86200,7826
20161221,87100,87500,85600,86700,17424
20161220,87300,88400,87000,87000,15062
20161219,89000,89100,86800,87300,16136
20161216,89700,92000,88200,88600,28934
20161215,88400,91900,88400,91000,24504
20161214,89600,91300,87500,90100,42225
20161213,84100,91000,84100,90500,62639
20161212,83000,84800,82200,84000,23795
20161209,80200,82900,80200,81800,22784
20161208,80700,81400,79400,81000,35387
20161207,81000,81500,79800,80600,38202
20161206,82100,83000,80700,81500,32674
20161205,80800,81700,80300,81100,17466
20161202,82500,82700,81000,81800,31059
20161201,84300,84400,80600,82000,73687
20161130,85300,86400,83200,84300,28703
20161129,84200,86800,84100,85300,20071
20161128,85200,86000,84000,84800,15162
20161125,84700,86300,83900,85100,29431
20161124,85000,86000,82800,84400,33681
20161123,88200,89300,84700,84700,40090
20161122,89200,90400,88200,88900,22436
20161121,92900,92900,88600,89500,20085
20161118,94500,95000,92100,92500,21769
20161117,96300,97200,95200,95200,18592
20161116,94100,98900,93600,97700,41444
20161115,95700,95700,93600,94100,25597
20161114,96700,97500,93600,95000,28097
20161111,97000,97400,93600,96600,32258
20161110,90900,97400,90800,97100,93566
20161109,89700,89800,82900,88600,61268
20161108,89900,89900,88200,89100,19055
20161107,89000,89400,87000,88500,25600
20161104,86900,88500,85600,87700,25126
20161103,82700,87400,82700,86900,51394
20161102,86000,86900,82400,84000,81235
20161101,84200,87700,84200,86900,65785
20161031,89900,90400,85800,85900,114538
20161028,99000,99100,95000,95000,41094
20161027,96000,100500,96000,99600,39453
20161026,94100,96700,94100,95700,32098
20161025,95800,96100,93100,95100,51909
20161024,97400,98400,95400,95800,52923
20161021,99000,99000,96900,97700,39466
20161020,102000,102000,98200,98600,53580
20161019,102000,104000,101000,101500,29554
20161018,100000,102500,100000,102500,23368
20161017,102000,102000,100000,101000,32203
20161014,102000,103000,100500,101000,46278
20161013,105000,105000,101500,102000,51130
20161012,105000,107500,103500,106000,19846
20161011,105000,106500,103000,105000,22663
20161010,101500,105500,101500,103500,26998
20161007,104500,105500,100500,102000,53150
20161006,106500,107500,104000,104500,29750
20161005,107500,109500,106000,106500,30192
20161004,106000,111000,105000,108000,44774
20160930,116500,116500,108000,109000,239361
20160929,114500,117500,114500,116500,47188
20160928,120000,120000,113500,115500,73933
20160927,117000,120000,116500,119500,28055
20160926,121000,122000,118500,119000,49075
20160923,117000,122000,116500,121000,68574
20160922,117500,118500,115000,116000,50219
20160921,119000,120000,114500,117000,246528
20160920,103500,109000,103000,109000,39002
20160919,102500,104500,102500,104500,11238
20160913,104000,105000,102000,103500,29118
20160912,103000,105500,102500,103500,17844
20160909,103500,104500,102500,104000,23644
20160908,103000,106000,103000,104000,44276
20160907,105500,107000,103000,103500,44725
20160906,108000,109000,105500,106000,26595
20160905,111000,111000,108000,109000,20931
20160902,107500,109500,107000,109000,18204
20160901,105000,108500,103500,107500,29675
20160831,104500,105000,102500,104000,30759
20160830,105500,107000,104000,105000,32680
20160829,108000,109000,105500,105500,34614
20160826,109000,109500,108000,109000,35648
20160825,111000,112000,109000,109000,33934
20160824,112500,113000,110500,111000,33913
20160823,110000,114500,109000,112500,37140
20160822,111500,111500,107500,109000,41379
20160819,111000,112000,110500,111500,20644
20160818,112500,113000,110500,111000,37043
20160817,114500,115500,112000,113000,24045
20160816,117000,117500,115000,115000,26210
20160812,116500,117500,115000,116000,30017
20160811,116000,117000,114000,117000,26791
20160810,111500,117000,111500,115000,57730
20160809,111000,114500,110500,111500,50194
20160808,109000,111500,109000,111000,27137
20160805,111000,112000,109500,109500,44647
20160804,110000,112500,110000,112000,33317
20160803,111500,112500,109500,110000,46595
20160802,111000,113500,111000,113000,43153
20160801,115000,115000,109500,111000,58989
20160729,115500,116500,113500,115500,40926
20160728,115500,117000,115000,116000,50165
20160727,118000,119000,114000,116000,188578
20160726,121500,124500,121000,124000,22719
20160725,124500,125500,121000,121000,30272
20160722,125000,127000,124000,124500,30648
20160721,125500,126500,125000,125000,33309
20160720,125500,126000,124000,126000,24770
20160719,128000,128000,124000,125500,37935
20160718,126000,129000,125500,127500,22457
20160715,127000,127500,126000,127000,40548
20160714,129000,130000,125000,125500,102583
20160713,133000,133500,129500,130000,59588
20160712,133000,134000,130500,133000,66697
20160711,133000,135500,132500,134000,29478
20160708,133000,135500,130500,132000,41350
20160707,131500,133500,130500,133000,42112
20160706,132000,133000,130000,131000,26929
20160705,134000,134000,131500,133000,25413
20160704,135000,136500,133000,133500,33827
20160701,135000,138500,134500,135500,41678
20160630,136500,136500,134000,135500,31069
20160629,135500,136500,134000,135500,26576
20160628,128500,135500,128500,134000,42829
20160627,126000,132500,125000,131000,55147
20160624,139500,140000,130000,131500,88407
20160623,138500,139000,135000,137000,25406
20160622,141000,141000,138000,139000,22584
20160621,142000,142000,139000,141000,15431
20160620,139000,141000,138000,140500,28372
20160617,141000,142000,136000,136500,45171
20160616,146500,147000,138500,140500,40681
20160615,145500,148500,143000,146000,34875
20160614,146000,148500,142000,145000,42213
20160613,149000,151500,147000,147500,40118
20160610,148000,152000,146500,151500,64518
20160609,148000,149000,143500,148000,69412
20160608,143500,148000,141500,147500,85861
20160607,141500,144500,141000,143000,65286
20160603,140500,142500,139500,141500,40723
20160602,134500,141000,134500,140500,78975
20160601,134000,136000,134000,134500,31758
20160531,135500,136000,133500,134000,48846
20160530,132000,135000,131000,133500,38997
20160527,132000,133000,131000,133000,40002
20160526,136500,137500,131500,132000,89938
20160525,140000,141500,135500,137500,41317
20160524,142000,142000,138000,139000,25931
20160523,139000,143000,135000,141000,59532
20160520,135000,138000,134000,137500,29675
20160519,133500,135500,133500,135000,21253
20160518,136500,138500,134500,134500,25651
20160517,138500,139000,135000,137000,26768
20160516,138000,139500,137500,138500,15918
20160513,140500,141000,137000,137500,27387
20160512,139000,140500,137500,140500,13795
20160511,141500,141500,138500,140000,26289
20160510,139000,143500,137500,141000,54122
20160509,136500,138000,135000,137000,36921
20160504,139000,139500,134500,135500,62142
20160503,137500,142000,136500,140500,54541
20160502,143000,143000,135500,136000,68459
20160429,144000,144000,140500,143000,31415
20160428,142000,144000,141500,143000,39012
20160427,146500,147000,140500,141500,62107
20160426,142000,148000,142000,146500,88362
20160425,145000,145500,142000,142000,70864
20160422,146500,148000,143500,144000,87707
20160421,147500,148500,145500,147500,60249
20160420,150000,150500,147500,147500,64601
20160419,152000,153500,149500,150000,55353
20160418,153500,155500,152000,152000,53765
20160415,151500,155000,150500,154000,58298
20160414,153000,155500,150500,152500,100228
20160412,157500,158000,151000,155000,136021
20160411,171000,172000,151000,155000,370809
20160408,173500,175500,168000,169500,145308
20160407,176000,181500,167500,173500,230841
20160406,160000,175000,156500,171500,311281
20160405,158500,160500,152500,158500,68633
20160404,156000,159500,156000,158500,53552
20160401,153000,157000,150000,154500,74420
20160331,153000,153500,149500,152000,60535
20160330,153500,156000,152500,155500,47343
20160329,151500,153500,151000,153500,38176
20160328,151000,153500,150500,152000,40674
20160325,147500,151500,146000,149500,35793
20160324,151500,152000,148500,148500,26862
20160323,146500,149500,146000,148500,45078
20160322,151500,152500,145500,146500,86090
20160321,155500,158000,152000,152000,36089
20160318,153000,155500,152000,154000,30128
20160317,156000,157500,153000,154000,35129
20160316,149500,156500,148500,154000,54952
20160315,151500,153500,148500,150000,40136
20160314,155000,155000,151000,151500,26487
20160311,158000,158500,154000,154500,35197
20160310,161500,161500,156500,158500,59373
20160309,154500,162500,153500,161500,71698
20160308,156000,156000,150500,154000,34754
20160307,156000,159000,152500,154000,51212
20160304,158000,160000,155500,156500,72258
20160303,161500,161500,156500,160000,62628
20160302,159500,162500,158500,159000,65356
20160229,165500,165500,156500,158000,100290
20160226,167000,168500,162500,167000,71993
20160225,163500,168500,162500,168000,82190
20160224,163500,168000,160000,162000,70071
20160223,165500,167500,158500,163000,74644
20160222,157500,167500,155000,164000,108021
20160219,156500,165000,155500,158000,115180
20160218,148000,162500,146000,157000,158906
20160217,146000,146500,139000,143500,69407
20160216,137000,148000,137000,144500,90245
20160215,137000,138000,132000,136000,66540
20160212,143000,144500,130000,133000,130512
20160211,145000,151000,144000,144500,67344
20160205,156000,158500,151500,153500,72118
20160204,162000,163000,154000,155000,56406
20160203,158500,163000,158500,161500,39060
20160202,161500,163500,160500,162000,41101
20160201,161000,164000,159500,162500,73312
20160129,161500,164000,156500,159000,119434
20160128,164500,167500,158000,164000,107247
20160127,175500,176000,162000,167000,154949
20160126,171000,178500,169500,175000,116881
20160125,168000,178000,167500,171000,259095
20160122,159500,164500,157500,164500,104881
20160121,161500,163000,157000,159000,84629
20160120,159500,166500,156500,161000,179735
20160119,160500,162500,157000,160000,72435
20160118,153000,160000,152000,160000,98244
20160115,161500,162000,156000,156500,79221
20160114,156500,160500,154000,160500,64996
20160113,161500,163500,158500,160500,120093
20160112,163500,168500,158500,160500,107450
20160111,165000,178000,160500,163500,290894
20160108,153500,161500,150500,161000,128569
20160107,160000,165000,152500,156500,141593
20160106,151000,161000,149000,161000,177799
20160105,142500,153000,142500,151500,86032
20160104,148000,151000,144500,145000,38017
20151230,148000,149500,146000,147000,23824
20151229,137500,148000,136500,148000,51972
20151228,139000,141000,137000,137000,62394
20151224,141500,141500,139000,139000,11172
20151223,142500,142500,138000,140000,16520
20151222,140000,141500,139500,141000,22746
20151221,141000,144000,139500,140500,23367
20151218,136500,142500,136500,141500,27465
20151217,138500,142500,135000,138000,36069
20151216,137000,138000,134000,136500,34294
20151215,132000,136000,131000,135500,27131
20151214,129000,131500,126500,129500,35790
20151211,134500,135000,130000,131000,44837
20151210,136500,139500,130000,134500,42255
20151209,138000,140000,135000,136500,21795
20151208,140500,141500,134500,136500,27224
20151207,139500,141500,138500,140500,20978
20151204,144500,145000,138000,139000,56359
20151203,148000,148000,144500,146500,25343
20151202,148000,150000,146500,149000,24721
20151201,145500,149000,145500,148000,18397
20151130,147000,148500,143500,145000,21951
20151127,150000,150000,146500,147500,20083
20151126,150000,150500,147500,149500,31169
20151125,148000,150500,147500,150500,48151
20151124,148500,150000,146500,148000,39857
20151123,141000,150000,141000,149500,71432
20151120,142000,143500,140500,141000,23441
20151119,143000,145000,140500,142000,46037
20151118,146000,147000,140500,141500,51645
20151117,147500,148000,144000,146000,28544
20151116,139500,149000,139500,144500,40843
20151113,146000,147500,139500,144000,61409
20151112,149500,152500,146500,148000,75274
20151111,143500,154000,142500,148500,117274
20151110,142000,145000,136500,143500,72082
20151109,148000,149500,140500,141500,83698
20151106,148000,155000,142000,146500,258376
20151105,134500,136500,132000,136500,53325
20151104,128000,134000,127000,132500,75894
20151103,122000,128000,122000,127000,37395
20151102,127500,128000,120500,122000,36934
20151030,121500,125000,119000,124500,36506
20151029,124500,124500,120000,121500,38131
20151028,124000,125000,120000,125000,29033
20151027,126000,129500,122000,122500,40867
20151026,123000,126500,123000,125500,17075
20151023,119500,126000,119500,123500,42263
20151022,120500,122000,117500,119000,33241
20151021,122000,122500,119500,122500,27264
20151020,119500,122000,118000,121500,22270
20151019,118500,121000,117000,120000,31639
20151016,116500,118000,116000,117000,30108
20151015,111500,115500,111500,115000,20241
20151014,113500,115000,112000,112000,19583
20151013,112500,115000,112500,113500,17392
20151012,115500,115500,113000,113000,16233
20151008,115000,116000,112000,115500,27244
20151007,118000,119500,112000,113500,78527
20151006,125500,126000,120500,121000,25938
20151005,132000,134500,124000,125000,94812
20151002,119000,119500,116500,117000,13121
20151001,117000,118500,116500,118500,12001
20150930,112000,116500,111000,115000,25153
20150925,120000,120000,115000,117500,16697
20150924,121500,121500,118000,119000,15077
20150923,119500,123500,119000,119000,14782
20150922,121500,122500,119500,122000,28574
20150921,121500,123500,120500,122500,23152
20150918,123000,126000,119500,124000,37818
20150917,119000,123500,116500,122000,36319
20150916,118000,121000,117000,117000,27904
20150915,115000,117000,113500,117000,22872
20150914,117000,117500,113000,115000,21462
20150911,114000,116500,113500,116000,12662
20150910,112000,116000,112000,115500,33614
20150909,108500,114500,108000,114500,53350
20150908,109000,109500,103500,105500,40540
20150907,109000,112500,105500,108000,42335
20150904,114000,114000,106500,109000,57913
20150903,112000,115500,111500,114500,30993
20150902,113000,115000,109500,111500,52139
20150901,118000,119000,115000,115000,25349
20150831,118000,120500,117500,118000,25120
20150828,121500,122500,118000,119000,40608
20150827,122000,123000,118500,119500,41946
20150826,117000,122000,115000,122000,55001
20150825,116000,119000,112000,118000,43495
20150824,115000,122000,111000,113500,52707
20150821,113500,118000,112500,115000,44640
20150820,115000,121000,115000,118500,45544
20150819,120000,122000,111500,116500,89364
20150818,129000,130500,121500,121500,48519
20150817,134000,134500,126500,129000,48205
20150813,126500,136000,124500,136000,43256
20150812,131000,133000,122000,126500,68493
20150811,140000,140000,132000,132500,32627
20150810,138500,142000,136000,137000,32955
20150807,133000,139000,132500,137500,41683
20150806,135000,140000,133000,135000,68504
20150805,132500,138000,132500,132500,45448
20150804,130000,135000,130000,134000,66288
20150803,139000,140000,131000,132000,35773
20150731,134000,139500,128500,139000,95875
20150730,140000,142500,132500,135000,118621
20150729,155000,156500,132500,141000,159710
20150728,148000,153000,145000,151500,64045
20150727,160000,160000,148500,148500,62705
20150724,164000,164000,158000,161000,35802
20150723,164000,168000,161500,162000,40951
20150722,165500,167500,162500,163500,37730
20150721,172000,172000,158000,166500,102106
20150720,155500,163000,155000,162000,54523
20150717,154500,160000,154000,155500,43030
20150716,158000,161000,154000,155000,50493
20150715,160500,166000,156500,161000,60570
20150714,150000,161000,145000,160500,113471
20150713,142500,148500,139000,148500,89392
20150710,155000,159000,141000,141500,119597
20150709,141000,153000,137000,152000,97302
20150708,151000,151000,138500,144500,127397
20150707,173000,179000,144500,149000,212284
20150706,166000,180000,164000,172000,146518
20150703,168000,172500,165000,169000,89667
20150702,161500,171500,159500,167500,123463
20150701,153000,162000,152500,159000,127096
20150630,149000,151500,142500,148500,49959
20150629,146500,160000,146500,150000,93704
20150626,153000,159500,150000,152000,122047
20150625,143500,152000,142500,151000,82970
20150624,144000,146500,141000,143000,64323
20150623,141000,143000,137000,139000,58230
20150622,148000,151000,140500,141000,63557
20150619,152500,156500,146000,149000,83883
20150618,141500,150000,139500,149000,73566
20150617,139000,142500,138000,139000,27657
20150616,141000,143000,134000,139000,48392
20150615,140000,146500,138500,140500,76731
20150612,147000,148000,138500,138500,61752
20150611,143000,147500,139500,145000,69906
20150610,151000,152000,138500,142500,146176
20150609,150500,153500,148500,150500,50065
20150608,150000,154000,148000,150000,30805
20150605,150500,152500,148000,150000,44813
20150604,148000,151500,146500,150000,48470
20150603,156000,156000,147500,148000,77256
20150602,159000,164000,155500,156500,69064
20150601,156000,160500,152500,157000,48825
20150529,161500,163000,156500,157500,51252
20150528,151500,163000,151500,161000,114907
20150527,151000,152000,146000,150500,64913
20150526,154500,157500,152000,153500,68902
20150522,158000,161000,148500,152500,134746
20150521,150500,156000,149000,153000,100311
20150520,148000,156000,145000,154500,205872
20150519,149500,151500,142500,147500,117860
20150518,137500,151000,135500,148000,174430
20150515,137000,141000,135000,135500,94810
20150514,126000,138500,124500,135000,152258
20150513,123000,129000,123000,125500,33342
20150512,127000,127500,123000,124000,31427
20150511,123500,129000,123000,128000,59189
20150508,119000,122000,116500,121000,22162
20150507,117000,119000,113000,118500,38761
20150506,120500,120500,116000,118500,30704
20150504,120500,124500,118500,119000,31989
20150430,127500,128000,120000,124000,48355
20150429,126000,127000,124000,127000,29020
20150428,127000,127500,125000,126000,26047
20150427,125500,129000,124500,128000,32616
20150424,125000,127000,122500,125000,53582
20150423,130500,132000,124000,125500,84841
20150422,131500,138500,126000,130500,80908
20150421,138500,139000,132000,132500,47465
20150420,135000,141000,134500,136500,94036
20150417,134500,138500,132500,137000,95129
20150416,132500,139000,128500,135000,164366
20150415,120000,133500,120000,127500,101183
20150414,126000,129500,120000,122000,64852
20150413,125000,128500,124000,126500,48864
20150410,125000,127000,123500,125000,59519
20150409,127500,131500,125000,127000,136555
20150408,120000,125000,118500,125000,116344
20150407,122500,123000,117500,118000,61910
20150406,122500,123000,119500,121000,66497
20150403,124500,126000,120500,122000,69266
20150402,121000,125500,119000,124000,134832
20150401,122000,127500,118000,120000,151823
20150331,116500,121000,113000,118500,194790
20150330,125000,130000,117000,118000,420675
20150327,101000,113500,101000,113500,249660
20150326,99500,101000,98300,99100,58018
20150325,103500,104500,100500,102000,52591
20150324,105500,109500,100000,102000,136064
20150323,107500,108000,102000,104500,291375
20150320,102500,109500,101500,105500,217152
20150319,97700,102000,97400,101000,119644
20150318,97500,97700,96900,97300,27423
20150317,96900,97400,96000,97000,35591
20150316,96500,98000,95900,96500,35364
20150313,96600,97900,96300,96500,29623
20150312,95900,99400,95800,96300,25390
20150311,95400,96900,95400,96400,20732
20150310,97100,97500,96100,96700,19174
20150309,95600,97600,95600,97100,11689
20150306,96300,97500,96100,96800,9208
20150305,95700,97200,95600,97000,13382
20150304,96300,97600,95400,96500,17298
20150303,94000,97300,94000,96600,27362
20150302,95000,95800,94100,94800,13336
20150227,94200,95200,94200,94300,13448
20150226,95100,96100,94400,95000,16263
20150225,95500,95500,93300,95100,20982
20150224,94800,95500,93600,95400,12431
20150223,95700,96000,94100,94800,13558
20150217,93900,94700,93300,94700,17629
20150216,93500,94700,93200,93700,25378
20150213,91600,93500,91600,93500,30678
20150212,92700,93100,92100,92800,24108
20150211,90800,92900,90000,92700,21369
20150210,91500,91900,89700,90800,21087
20150209,88000,91700,88000,90700,30119
20150206,87700,88300,87000,88100,8305
20150205,86900,87800,86000,87700,12568
20150204,86800,87600,85800,86800,14815
20150203,88500,88500,86200,87400,11321
20150202,88000,88700,87500,88400,9824
20150130,87000,88900,86200,88600,17125
20150129,86700,87000,85100,87000,21680
20150128,85100,89800,85000,87000,30544
20150127,83900,86000,83600,85000,24723
20150126,83400,83900,82800,83500,12656
20150123,83000,83400,82200,83200,12376
20150122,82000,83300,82000,82700,16931
20150121,82800,82800,81500,82200,27685
20150120,83400,83800,81700,83000,30626
20150119,83700,84000,82600,82900,17871
20150116,84400,85100,83200,83500,14021
20150115,84000,85300,83400,85000,16361
20150114,85600,85600,84000,84500,9423
20150113,85100,85700,84200,85100,15696
20150112,83900,85100,83900,84600,12966
20150109,85600,86000,82800,84600,25389
20150108,85000,85900,84200,84500,12146
20150107,87800,87900,85200,85200,13191
20150106,89600,89800,87500,88000,9154
20150105,88000,90600,87700,90100,15690
20150102,90400,91300,87900,88400,15224
20141230,90200,92100,90200,91700,15439
20141229,91100,92000,90800,91100,9027
20141226,89800,92100,89500,92000,18261
20141224,89400,90200,88500,89800,13854
20141223,88500,89500,88000,88900,14848
20141222,89600,89600,88400,89000,13490
20141219,88400,89100,87900,88500,7974
20141218,89600,89600,87800,88800,13426
20141217,87400,89100,86200,88900,25652
20141216,86800,86900,84600,86700,24974
20141215,86400,87100,85000,86500,21866
20141212,84000,87200,83500,86400,21547
20141211,85400,85800,82900,83300,20758
20141210,85100,86800,85100,86000,18731
20141209,88800,89500,85100,85500,25859
20141208,85000,89000,85000,87200,69285
20141205,83400,84000,80600,82700,52464
20141204,83500,84400,82300,83400,15754
20141203,84000,86000,82800,83500,20475
20141202,85900,86300,84000,84400,15663
20141201,87100,88100,86400,86400,12618
20141128,86900,87900,86900,87600,5611
20141127,87900,88500,87100,87300,8416
20141126,89500,89900,88100,88100,5758
20141125,88200,89900,87400,88900,14929
20141124,90100,90100,88200,88400,13127
20141121,90000,90200,89000,89800,7186
20141120,89800,90400,89100,89600,9601
20141119,87700,90200,87500,89800,12951
20141118,86500,89100,86400,88400,12032
20141117,88500,88500,86100,87200,18061
20141114,88400,90500,88400,88600,17674
20141113,80800,92000,80600,89800,92053
20141112,83300,83300,80600,80800,32810
20141111,81600,83600,80500,83000,18734
20141110,81100,81600,79300,80700,20155
20141107,80500,83100,79300,81600,34098
20141106,84400,85000,79600,80600,80335
20141105,90200,90600,83200,84200,81229
20141104,93000,93300,89600,90900,35739
20141103,91500,94700,91400,92700,28131
20141031,94100,95600,91200,92200,34420
20141030,98400,99500,93000,94000,55731
20141029,96700,99600,96700,99100,56140
20141028,105500,105500,98100,98100,89525
20141027,106500,106500,104500,105000,25870
20141024,107500,108500,104500,106000,39233
20141023,104500,107000,104000,106000,46239
20141022,103500,105500,102500,104000,51206
20141021,103500,103500,101000,103000,29250
20141020,106500,107000,102000,103000,55595
20141017,107500,108000,104500,106500,31670
20141016,103000,108000,102500,105500,38275
20141015,104000,105000,102500,104000,19791
20141014,104000,104500,102000,104000,25711
20141013,105500,105500,99900,103500,36774
20141010,105000,106000,103000,105500,31075
20141008,103500,106000,103000,105500,33938
20141007,107500,107500,104500,104500,31554
20141006,109000,109000,106000,108000,27097
20141002,109000,109500,107000,108500,27442
20141001,109500,110500,107000,109500,27497
20140930,110000,111000,107000,110500,29777
20140929,110000,111500,109000,110000,34035
20140926,108500,110000,108000,109000,13889
20140925,109000,110500,108000,109500,21694
20140924,106500,109000,105500,109000,22800
20140923,108500,109000,106000,107000,28148
20140922,107500,109000,106000,108500,38641
20140919,106500,106500,104500,106000,15869
20140918,106000,106500,105000,105000,18616
20140917,106500,107500,105500,106000,20630
20140916,101000,107000,101000,106500,69885
20140915,100000,102000,99700,101500,24984
20140912,100000,101000,99300,100000,20587
20140911,99800,101000,99600,100000,18046
20140905,100500,100500,99400,100500,19058
20140904,100000,101000,99600,100000,11220
20140903,98600,102000,98500,100500,21098
20140902,99200,100500,98900,99000,17359
20140901,100000,100500,99200,99400,10811
20140829,102000,102000,100000,100500,10925
20140828,100500,102000,100500,101500,16675
20140827,100000,101000,99700,100500,11732
20140826,101500,103500,99900,100000,28115
20140825,100500,101500,99600,101000,18296
20140822,99700,101000,99700,100000,6819
20140821,99100,100500,99000,100000,14829
20140820,100000,100500,99000,99000,17991
20140819,100500,101500,99800,100000,18008
20140818,98500,100500,97300,99900,18589
20140814,97300,98800,97300,98500,22862
20140813,97200,98200,96200,97300,23425
20140812,98500,99000,96100,96700,25419
20140811,99400,99900,98200,98200,17847
20140808,98900,99900,97700,99400,15065
20140807,99200,99300,98000,98400,22014
20140806,100000,100500,98900,99200,17600
20140805,99100,101000,98500,99900,27187
20140804,100500,101000,98400,98900,27268
20140801,100500,101500,99900,100000,28425
20140731,100000,100500,98500,99800,26077
20140730,101000,101000,98400,98700,31485
20140729,100000,101000,99500,100000,14859
20140728,101500,101500,99500,99600,21124
20140725,101000,101500,100500,101500,7846
20140724,100000,102000,99500,101000,23294
20140723,102000,102500,99300,99900,25959
20140722,100000,103000,100000,101500,17191
20140721,101000,101500,100000,101000,19313
20140718,102000,103000,100000,101000,24572
20140717,102000,103500,101000,103000,18612
20140716,103000,104000,101500,103000,12532
20140715,102500,105000,101500,103500,25749
20140714,101500,103000,99900,103000,27037
20140711,103000,103000,101500,101500,22134
20140710,102500,105000,101500,102000,28154
20140709,102500,104500,101000,102000,46542
20140708,106000,107000,102000,103500,45034
20140707,111000,112500,105000,106000,63038
20140704,108000,109500,107500,108500,15293
20140703,108000,109000,107000,108000,22436
20140702,107000,110500,106000,108500,39842
20140701,109000,109000,106000,106500,29941
20140630,108500,110000,107500,107500,29411
20140627,112500,112500,109000,109000,42778
20140626,111000,112500,107500,112500,49915
20140625,111500,113000,108000,109000,55945
20140624,105500,110000,105500,109500,45296
20140623,113000,113000,105000,106000,149357
20140620,103500,106000,103000,105000,41717
20140619,104000,104500,101000,103000,28208
20140618,98200,104000,98200,103000,49549
20140617,101000,101500,98000,98000,31513
20140616,100000,102000,99600,100500,28951
20140613,102500,103000,100000,100000,45182
20140612,106000,106500,102500,103500,150310
20140611,102000,105500,101000,105500,58519
20140610,100000,103000,100000,102000,23854
20140609,104500,104500,100000,101000,43877
20140605,100500,103000,99000,103000,40142
20140603,98600,101000,98400,100500,33130
20140602,99700,99700,97400,99600,27912
20140530,99300,99600,98100,99100,76773
20140529,96500,98300,96000,98300,29596
20140528,96000,96900,95600,96500,24778
20140527,95800,97500,94900,96300,42165
20140526,98100,98400,96100,96400,30852
20140523,98600,99200,98000,98000,19474
20140522,98800,99700,97500,98500,17214
20140521,99100,99400,98000,98000,23008
20140520,97300,99900,97100,99000,41216
20140519,96000,100000,96000,97700,83850
20140516,96000,96300,94100,95900,77622
20140515,92700,99600,92700,96000,303204
20140514,105000,106000,103500,106000,31036
20140513,105000,106500,103000,105000,34567
20140512,106000,106000,103500,105500,15808
20140509,103500,106500,101000,106000,25941
20140508,102500,103500,100000,103500,31094
20140507,103500,104000,99900,102000,41411
20140502,106500,106500,103000,103000,26618
20140430,105000,106000,104500,106000,19973
20140429,106500,107000,104500,105000,14564
20140428,103500,106500,102500,106000,32834
20140425,106000,107000,104000,104000,24981
20140424,107000,107500,105500,106000,16928
20140423,110500,111000,106500,106500,33915
20140422,110500,111500,109000,110000,21715
20140421,110000,112500,109500,111000,17470
20140418,111000,111500,109500,109500,39855
20140417,109000,112000,106500,109000,51881
20140416,113000,113000,107500,108500,175310
20140415,119500,120000,117000,119000,15024
20140414,118500,120000,118500,119500,7105
20140411,116500,121000,116500,119500,20618
20140410,117500,118500,116000,118500,15512
20140409,115500,118000,115500,117000,13297
20140408,117500,118500,114000,114000,35028
20140407,120000,121000,118000,118000,13741
20140404,120500,122000,120000,121500,16395
20140403,125000,125000,120000,121000,24808
20140402,121000,124500,120500,124000,41409
20140401,116500,121000,116500,121000,41046
20140331,117000,118000,114000,117000,29213
20140328,118500,118500,115000,117000,19361
20140327,118000,119000,116000,117500,8600
20140326,117000,119000,117000,118000,14114
20140325,118500,119000,115500,117500,23847
20140324,120500,120500,116000,117500,48276
20140321,124000,124500,119500,120500,34273
20140320,125000,125000,121500,124000,11992
20140319,121500,125000,121500,125000,23818
20140318,121500,123000,120000,122000,15367
20140317,124500,125000,120500,120500,37505
20140314,125500,127000,123500,123500,37020
20140313,124000,127500,123500,125500,74437
20140312,123000,125000,122500,123500,54865
20140311,122000,123500,120500,123500,24421
20140310,122000,123000,120000,121500,22356
20140307,124000,124000,121000,122000,17649
20140306,119000,124000,118000,123500,58006
20140305,122000,122000,119000,119000,19894
20140304,121000,122500,118500,122000,43371
20140303,120000,122500,119500,121000,38986
20140228,118000,122000,116500,120000,68501
20140227,115000,117500,112500,117000,38136
20140226,112500,116000,112500,114000,24143
20140225,115000,116000,111500,112500,31204
20140224,117000,117000,114500,115000,19372
20140221,113000,117000,111000,116500,61118
20140220,111000,112500,110000,112500,29708
20140219,112000,113500,110500,111000,14980
20140218,107000,112000,106000,112000,43601
20140217,108000,108500,104500,106500,24789
20140214,107000,108000,106000,107500,9951
20140213,106000,107500,104500,107500,21079
20140212,104500,108500,103500,106500,30903
20140211,105000,107000,103500,104000,24316
20140210,102500,107000,102500,105000,30100
20140207,104000,106000,100000,102500,92753
20140206,107000,107500,101500,104500,69808
20140205,114000,114000,107000,107500,83038
20140204,111000,115000,111000,114000,20912
20140203,114500,115500,113000,114000,18456
20140129,115000,116000,114500,115500,20357
20140128,114000,115500,112000,115500,28160
20140127,111500,116000,110500,115000,31440
20140124,110000,114500,110000,113000,33062
20140123,112500,112500,109500,111000,27848
20140122,109500,112500,109500,112000,30965
20140121,110500,111500,109000,109500,14543
20140120,109000,111500,109000,111000,10798
20140117,113000,113000,109500,109500,25950
20140116,114000,114500,112000,113000,17719
20140115,112000,113500,111000,113500,70652
20140114,110000,113500,110000,113000,25234
20140113,109500,111500,108500,111000,23121
20140110,111000,112500,109000,111000,32448
20140109,110500,112500,109500,111500,52521
20140108,108000,110500,106500,110500,209633
20140107,104500,110000,104500,108000,57598
20140106,106000,106500,103500,105500,20749
20140103,105000,108500,104000,105000,49006
20140102,99900,106000,99800,105000,74356
20131230,100500,101500,99400,99500,14030
20131227,100000,101500,98900,100500,15819
20131226,100000,101000,99200,100000,14341
20131224,99500,101000,99100,100000,15594
20131223,99500,100500,98400,99100,8670
20131220,99000,99700,97300,98700,16777
20131219,100000,100500,97500,99000,24407
20131218,100500,101000,95600,100000,71117
20131217,102000,103000,99500,101500,35397
20131216,105000,106000,101500,102000,22157
20131213,105000,106000,103500,105500,8723
20131212,103000,105000,103000,104000,6979
20131211,105500,107500,103500,104000,29058
20131210,103000,106000,103000,105000,16509
20131209,109500,110000,103000,105000,61478
20131206,112500,113500,108500,108500,33780
20131205,114000,114000,112000,112500,6580
20131204,111500,113500,111500,113500,8324
20131203,114500,114500,111500,111500,15069
20131202,114000,117000,114000,114500,17630
20131129,113500,114500,111500,113500,12083
20131128,112500,113500,111500,113500,8621
20131127,113500,114000,111500,112000,16572
20131126,112000,114500,112000,114000,10932
20131125,111500,114000,111500,112500,19297
20131122,111500,113000,110500,111000,20274
20131121,113500,113500,110500,111000,16692
20131120,113000,114000,111500,112500,19641
20131119,115000,115000,112000,114000,18147
20131118,116000,117000,114000,114500,11191
20131115,114000,118000,114000,117000,15080
20131114,111000,115500,111000,115500,21658
20131113,113500,114500,110500,111000,16184
20131112,113000,115000,112000,113000,15064
20131111,114500,115000,111000,113000,18334
20131108,112500,115000,112500,114500,14316
20131107,114500,115500,113500,114500,18412
20131106,117000,119000,113500,114500,80854
20131105,119500,120500,117000,119000,25907
20131104,124000,124000,119000,119500,20647
20131101,124500,125000,122000,124000,16013
20131031,123000,125500,122500,124500,39480
20131030,120000,124000,119000,123000,28027
20131029,120500,121500,119000,120000,40877
20131028,121500,122500,117500,120000,44100
20131025,117500,121500,115000,120500,46472
20131024,120000,122500,116000,117000,79591
20131023,120000,122500,118000,120500,67946
20131022,115000,118000,114500,117500,29661
20131021,115000,118000,114000,114500,44006
20131018,113000,116500,112500,116000,38581
20131017,114000,118000,108000,111500,102998
20131016,124000,124000,115000,115000,479025
20131015,126000,127500,120500,124000,74390
20131014,130000,130000,126000,126500,54512
20131011,130000,132000,128500,130000,37227
20131010,125000,130000,124000,130000,43128
20131008,126500,130500,124000,126000,52970
20131007,132000,132000,126500,126500,42681
20131004,131000,132000,129000,131500,24412
20131002,129000,132500,128000,131000,36017
20131001,134000,134500,128500,129000,43419
20130930,133500,135500,132000,134500,50125
20130927,135000,135500,131000,135500,52316
20130926,130000,135500,130000,134500,58585
20130925,129000,133000,128000,131500,47533
20130924,125000,130500,125000,129000,33572
20130923,129000,129000,125000,126000,45193
20130917,126500,129500,125000,129000,43030
20130916,123500,126500,123500,126500,42400
20130913,123500,126000,122500,124000,24216
20130912,123000,126000,122500,123500,38405
20130911,119000,123000,118500,122500,29079
20130910,120000,121000,116000,118000,60627
20130909,122500,123500,118000,118500,36859
20130906,125500,127500,121000,121500,34318
20130905,129500,129500,125000,126000,34146
20130904,130500,131000,127500,128500,18304
20130903,126500,130500,126000,130000,32894
20130902,122000,126500,122000,126500,20395
20130830,124500,127000,122000,122000,23182
20130829,123500,129000,122000,124500,39146
20130828,120500,124000,116000,123500,95462
20130827,128500,130000,122000,124000,43194
20130826,125500,130000,125500,130000,25617
20130823,125000,128000,124500,125500,26938
20130822,126500,128500,122500,125000,24283
20130821,131000,134500,127000,128000,29530
20130820,137500,139000,131500,131500,17978
20130819,138500,141000,136000,138000,38242
20130816,142500,142500,138000,138000,35175
20130814,141000,145500,139000,142500,43094
20130813,143500,147500,140000,141000,36459
20130812,148000,148000,142000,142500,16941
20130809,149500,149500,146000,146000,17641
20130808,144500,148500,144500,148000,27290
20130807,148000,151000,144000,144500,62505
20130806,145000,147000,143000,146000,30357
20130805,141000,146000,139500,145000,51843
20130802,140500,144000,138000,139000,41910
20130801,143000,143500,139500,140500,34886
20130731,133500,144500,133000,142000,108025
20130730,134500,136000,131000,134500,29384
20130729,138500,138500,132500,134500,24338
20130726,133000,138500,132000,137500,31572
20130725,136500,139000,130500,133500,32688
20130724,137500,138500,135000,136500,15370
20130723,140000,140000,136500,137500,32022
20130722,137000,141500,137000,139000,40066
20130719,135500,140500,134500,137000,44787
20130718,129500,137000,127000,137000,70287
20130717,126000,130000,125000,128000,30870
20130716,126500,128000,124500,126500,22733
20130715,119000,128500,119000,126500,56196
20130712,120500,121000,118000,119500,28847
20130711,119000,120500,117000,119500,26929
20130710,122000,122000,118000,118500,12538
20130709,122500,124000,117500,120000,37662
20130708,125500,126000,122000,122500,20579
20130705,125000,127000,122000,126500,42823
20130704,123000,125000,118000,124000,39650
20130703,124500,124500,120500,121500,23377
20130702,121500,125000,120000,124500,44355
20130701,117000,125000,117000,123000,132638
20130628,117000,120500,114500,119000,43364
20130627,114000,117500,114000,117000,39518
20130626,110000,113500,109500,113500,31780
20130625,114000,117000,109500,111000,22160
20130624,111500,119000,109500,115500,60057
20130621,107000,112000,106500,111500,67771
20130620,110000,112000,104000,110000,113888
20130619,119000,120000,111000,112500,101144
20130618,126500,126500,118000,119500,63633
20130617,125500,128000,121500,123500,39096
20130614,129500,130500,126000,126500,26327
20130613,131500,132500,124500,130500,40940
20130612,133000,135000,130500,131500,27247
20130611,127000,134500,126500,133500,64359
20130610,130000,131500,125500,127000,30320
20130607,126500,130000,126000,129000,35912
20130605,127500,130500,125000,125000,64486
20130604,135500,138500,125500,127000,133615
20130603,140000,142000,135500,135500,81359
20130531,149500,149500,134000,142500,127413
20130530,154000,154000,147000,148500,40111
20130529,155000,155000,151000,153500,29885
20130528,150500,154000,149500,154000,23800
20130527,152000,154500,150000,150500,15495
20130524,151000,156500,150000,151000,20523
20130523,155500,155500,150500,150500,22704
20130522,156500,156500,152500,153500,26507
20130521,148000,156500,148000,156500,37676
20130520,150000,153000,148000,148000,42658
20130516,152500,155500,148000,153000,67244
20130515,161000,162000,146500,156000,93331
20130514,165000,165000,161000,161000,44604
20130513,163500,167500,162000,165000,33415
20130510,161000,167000,158000,165000,57597
20130509,165500,167500,158500,160000,55879
20130508,161000,163500,161000,163500,286514
20130507,165000,169000,160500,163000,56345
20130506,165000,168000,159500,166500,90981
20130503,145500,165500,145000,163000,375036
20130502,150000,154000,148500,148500,82588
20130430,145000,151000,143000,149000,127450
20130429,145500,147000,142500,143000,55603
20130426,147500,148000,142000,145500,83819
20130425,146000,151000,143500,147000,130756
20130424,157500,158000,143000,144500,295972
20130423,164000,164000,156000,156500,76809
20130422,165500,168000,162500,163000,50775
20130419,165000,168000,156500,166000,124623
20130418,163500,171000,163500,166500,49906
20130417,171000,174000,160000,170000,91113
20130416,178000,178000,170000,171000,106598
20130415,175000,189500,170000,178000,119520
20130412,172000,184500,170500,175000,209749
20130411,154000,175000,153500,170000,272987
20130410,153500,156500,142500,153000,294955
20130409,149500,162000,147500,152000,351390
20130408,170500,173000,148500,148500,457548
